step,center,sigma,precision,step_joule_total,step_joule_particle,step_joule_control,step_leakage,cumulative_joule_total,step_joule_total_ema
0,-0.0038738922725073894,0.390909929589509,1.7010610276769453,0.05733048101226923,0.05711501673548779,0.00021546427678143854,0.47129180592428566,0.002293219240490769,0.05733048101226923
1,-0.005657201321460753,0.3254007048868034,2.409572119856883,0.05755843952203564,0.05732156756352278,0.0002368719585128617,0.46289184637939484,0.004595556821372195,0.05734871769305054
2,-0.005831747950744407,0.27168003293371146,2.9860305501313213,0.0573189940421763,0.057055907920100866,0.00026308612207543385,0.5004425682563024,0.006888316583059247,0.057346339800980604
3,-0.005438396564413898,0.2254427637352603,3.3702493520380568,0.05700743564973128,0.05671944323003207,0.00028799241969920653,0.5673674026947685,0.009168614009048498,0.057319227468880664
4,-0.004934975808534363,0.18365304030350282,3.678356899970694,0.05747280302393084,0.05716031729260456,0.0003124857313262788,0.6399279756755176,0.011467526130005732,0.05733151351328468
5,-0.004635656900425484,0.15184327269059256,3.917868297706864,0.05829176697342555,0.05795919464180483,0.00033257233162072236,0.6670826965833081,0.013799196808942754,0.05740833379009595
6,-0.004383515762614329,0.12857762192649638,4.081985094834371,0.05814909479218886,0.05780104451960676,0.00034805027258210156,0.682302476089167,0.01612516060063031,0.05746759467026338
7,-0.0043228193787590635,0.11206123047148762,4.183640179087805,0.05704854342112916,0.05668929521802989,0.0003592482030992648,0.6936287820711825,0.018407102337475476,0.05743407057033265
8,-0.00449067411997969,0.10116041211118183,4.247285950940855,0.0565301093498165,0.05616386151373719,0.00036624783607931146,0.7098563426044309,0.020668306711468135,0.05736175367269136
9,-0.004979507586403871,0.09396587199338001,4.289078459914078,0.057391993437589085,0.057021778642592814,0.0003702147949962676,0.7226964714858854,0.0229639864489717,0.057364172853883184
10,-0.005189678901311535,0.0892174755156308,4.294686488736511,0.058316787467463986,0.057944680431777855,0.0003721070356861328,0.732101660040055,0.02529665794767026,0.05744038202296965
11,-0.00490574763062634,0.08608353384031633,4.255595439008456,0.058021786315577625,0.05764901071754425,0.00037277559803338117,0.6931846531305154,0.027617529400293363,0.05748689436637829
12,-0.004808446599587214,0.08489769969254583,4.251427956647867,0.056758046389498815,0.056386067642894694,0.0003719787466041198,0.6458007915140467,0.029887851255873316,0.05742858652822794
13,-0.004889727144583699,0.0849504497858681,4.277842822962938,0.055941175267938986,0.0555709030066264,0.0003702722613125852,0.6224246279066332,0.03212549826659088,0.05730959362740483
14,-0.005325017477483474,0.08524394104572212,4.309386018231033,0.05622743258163487,0.05585923624882483,0.00036819633281004693,0.6173354049416023,0.034374595569856274,0.05722302074374323
15,-0.005294061688685613,0.0859112330208279,4.332135280360621,0.056644981015212446,0.056279208653792934,0.0003657723614195108,0.6147861167383468,0.03664039481046477,0.057176777565460774
16,-0.005831485398441742,0.08670984165239198,4.347149528153791,0.056201207829558605,0.05583837358496538,0.0003628342445932267,0.6137765333650292,0.038888443123647115,0.0570987319865886
17,-0.006626019829199638,0.08772967027942805,4.360196630222724,0.055648233513346496,0.055288737098539965,0.0003594964148065295,0.6134859735527748,0.041114372464180975,0.056982692108729235
18,-0.007472486090330651,0.08897446222715324,4.365130090868726,0.05582556678495105,0.05546965079169,0.00035591599326104687,0.6134326422434353,0.04334739513557902,0.05689012208282698
19,-0.008093240162231338,0.0904916469064553,4.3698733343314995,0.056787796507824874,0.05643548064150523,0.00035231586631964923,0.6134331309867347,0.04561890699589201,0.05688193603682681
20,-0.008596685899689989,0.09221299395808356,4.373085544680017,0.056896945511812375,0.0565481714226474,0.00034877408916497585,0.61329619492272,0.047894784816364507,0.05688313679482566
21,-0.009302072868411802,0.09400101387919566,4.364025341318049,0.05585386755384093,0.05550864479309356,0.00034522276074737727,0.6122498514670072,0.05012893951851814,0.056800795255546876
22,-0.010489290927356749,0.09563440526626268,4.361656573692202,0.055048265498812095,0.05470669014373526,0.00034157535507683403,0.6109499389162717,0.052330870138470625,0.056660592875008096
23,-0.011215234091088485,0.09755909381657786,4.3624168688579985,0.05549975598309377,0.055162306978406135,0.00033744900468763843,0.6113660969907596,0.05455086037779438,0.05656772592365495
24,-0.011454116692385958,0.09982725633835693,4.36311626531945,0.056523082040510396,0.056190273436106074,0.0003328086044043219,0.6124737548662252,0.05681178365941479,0.05656415441300339
25,-0.011887916228118963,0.10218972537909543,4.360838340389296,0.05629046488227404,0.05596260335518881,0.0003278615270852298,0.6137976926048554,0.05906340225470575,0.05654225925054504
26,-0.012027023597254233,0.10477616201152382,4.360906130895629,0.054894136254531364,0.05457131217068852,0.00032282408384284097,0.6166582023439552,0.061259167704887006,0.05641040941086395
27,-0.01204799062071158,0.1072955187184299,4.3656153308870795,0.053990298772998394,0.05367219934355243,0.00031809942944595874,0.6209730962546612,0.06341877965580694,0.056216800559834704
28,-0.012403834749252794,0.10937678521428379,4.37059135400678,0.05410854228906527,0.05379461344845215,0.0003139288406131169,0.6255427994090352,0.06558312134736956,0.05604813989817315
29,-0.01271999116179952,0.11168535915940524,4.369058070219325,0.05429039793432133,0.053980616698621184,0.00030978123570014925,0.6261119771262527,0.06775473726474242,0.05590752054106501
30,-0.013116847052580247,0.11382861139195294,4.367909969822756,0.053935118729013055,0.05362938173443494,0.00030573699457811494,0.627088808124828,0.06991214201390294,0.05574972839610086
31,-0.013527375085223364,0.11626138165087832,4.3695111118664025,0.0534241842535883,0.053122780840360415,0.00030140341322788935,0.6260515733579683,0.07204910938404648,0.055563684864699855
32,-0.01405515706224654,0.11888987661468453,4.36755979310394,0.05366208361167836,0.053365377822130126,0.00029670578954823514,0.6258056549869668,0.07419559272851362,0.055411556764458136
33,-0.014300888851881449,0.12167148514033288,4.369085124542953,0.054568232441973945,0.05427632054826714,0.0002919118937068051,0.6270347677739977,0.07637832202619257,0.0553440908186594
34,-0.014450139719217964,0.12510786540962576,4.370156348529443,0.05480302788237636,0.054516327427884634,0.0002867004544917255,0.624051312671408,0.07857044314148763,0.055300805783756755
35,-0.014368882177899354,0.12853721608437424,4.3752046859515685,0.05365224022418379,0.0533705789010147,0.00028166132316909153,0.6262634972500349,0.08071653275045498,0.055168920538990925
36,-0.014430348852098084,0.1320850765181591,4.381289507455947,0.05231208596438841,0.052035454887167334,0.00027663107722107665,0.6269810510407628,0.08280901618903053,0.05494037377302272
37,-0.014999805727405308,0.1350956541342002,4.387682700444369,0.05222939643756718,0.051957500934268465,0.0002718955032987161,0.6303942605247351,0.08489819204653322,0.05472349558618628
38,-0.01560722106518388,0.1382667089654184,4.3890107071387625,0.05315372535814542,0.05288679051864717,0.0002669348394982487,0.6305583660181945,0.08702434106085903,0.05459791396794301
39,-0.016145267238401508,0.14133623342223792,4.379609642233723,0.05332810055902962,0.0530662337486714,0.00026186681035821795,0.6319862832963978,0.08915746508322021,0.05449632889522994
40,-0.016586680924536426,0.14436466613887464,4.379799838688068,0.052200610040162555,0.051943735933049684,0.0002568741071128704,0.6338783516672024,0.09124548948482672,0.05431267138682455
41,-0.016979782317889484,0.14785081320963045,4.369920901511316,0.05128117740638831,0.051029321306817234,0.000251856099571074,0.6325601074166991,0.09329673658108226,0.054070151868389656
42,-0.01743823548811535,0.15160540947454842,4.364820273278752,0.05129672651101581,0.051049755255416794,0.0002469712555990118,0.6295119926082584,0.0953486056415229,0.05384827783979975
43,-0.017761414441455688,0.15556073728727013,4.364471017730928,0.05167502127363733,0.05143273813192145,0.00024228314171587621,0.6285464363528565,0.09741560649246839,0.05367441731450676
44,-0.0179926676265776,0.15974264265537244,4.361139858627142,0.05130264670781968,0.051065010472222,0.00023763623559767673,0.6263997421280396,0.09946771236078117,0.0534846756659718
45,-0.018638779255315173,0.1638616589808717,4.359842923711165,0.050503775570935744,0.05027075788392442,0.0002330176870113249,0.6259650648180061,0.10148786338361859,0.05324620365836892
46,-0.019619515711079262,0.16785060596363094,4.3647367977049125,0.05061485402799095,0.05038652030908849,0.0002283337189024597,0.6239071371257747,0.10351245754473823,0.053035695687938686
47,-0.020720959912850986,0.1716957647834016,4.367595594461415,0.05178199517819522,0.05155839793792165,0.00022359724027357412,0.6246924725783535,0.10558373735186603,0.05293539964715921
48,-0.02220594816267367,0.1747917579955791,4.361753757345683,0.05216546900129515,0.05194624079658449,0.0002192282047106568,0.6304654818685287,0.10767035611191784,0.052873805195490085
49,-0.023518887674506436,0.17747931845399229,4.36420600201823,0.05108874170829078,0.05087345793943163,0.00021528376885915097,0.6365099756696216,0.10971390578024948,0.052731000116514146
50,-0.02457744283602492,0.18060014804587635,4.369844441554921,0.04943367286354849,0.04922232446623719,0.00021134839731129347,0.6368801118863111,0.11169125269479141,0.052467213936276895
51,-0.025800028982497166,0.18340132161212525,4.372459730800015,0.04870825524569119,0.04850043045452977,0.000207824791161413,0.6409088421325978,0.11363958290461906,0.052166497241030035
52,-0.027252814849058796,0.18621733887436137,4.373935234446372,0.04923275023400984,0.049028256597886136,0.00020449363612370038,0.6438334578353768,0.11560889291397945,0.051931797480468424
53,-0.029515622498700194,0.18859524275476708,4.374945005716828,0.049567031375813156,0.049365704325265256,0.0002013270505479025,0.6478038661530787,0.11759157416901198,0.051742616192096004
54,-0.03230873827736053,0.19051059019407401,4.373692458800926,0.048716683080660766,0.04851832759314883,0.00019835548751193736,0.6521721650292173,0.11954024149223841,0.051500541543181184
55,-0.034760937379890784,0.19235844888527415,4.37073499195914,0.04782350590818832,0.047627964843873986,0.00019554106431433554,0.6584379514457627,0.12145318172856594,0.05120637869238175
56,-0.036117362204651414,0.19551417859885142,4.361983209045096,0.047961228343119895,0.04776896511138487,0.00019226323173502258,0.6625350918066025,0.12337163086229073,0.050946766664440805
57,-0.03692763964103654,0.1995740224751092,4.353643153642587,0.04852698056538046,0.0483381132016992,0.0001888673636812637,0.6591173563357828,0.12531271008490596,0.050753183776515984
58,-0.038716151030918924,0.2027027873608891,4.348526956633446,0.04825382361554192,0.04806763160144307,0.00018619201409885051,0.6592663747402907,0.12724286302952764,0.05055323496363806
59,-0.04153160148159219,0.20411099074634464,4.347227337928789,0.04736044368659862,0.0471758705355262,0.00018457315107242057,0.668570251794276,0.12913728077699158,0.05029781166147491
60,-0.044161735190600224,0.20458253219814643,4.352618420038241,0.047052819596974535,0.04686931969793855,0.00018349989903599146,0.6777430626534556,0.13101939356087056,0.05003821229631488
61,-0.045930304723308946,0.20617604874788542,4.354234889570214,0.0481905431343579,0.048008758428039824,0.0001817847063180764,0.6775610143082325,0.13294701528624486,0.04989039876335832
62,-0.047356839382221315,0.20853890633737399,4.345799265095932,0.04908110187532207,0.04890161028950123,0.00017949158582083777,0.6767506513678285,0.13491025936125775,0.04982565501231543
63,-0.04936253152627891,0.21097493562077885,4.345379490066559,0.04839290795430067,0.048215767245826914,0.00017714070847375923,0.6780320226594766,0.13684597567942977,0.04971103524767425
64,-0.05103479863641848,0.21443713248211044,4.3481016019948395,0.04691290029406765,0.04673843305453962,0.0001744672395280357,0.6727016581980656,0.13872249169119247,0.049487184451385724
65,-0.05326042097023988,0.21667858368685172,4.3488072594828,0.0460152070830718,0.045842574002490546,0.00017263308058125762,0.677114095512735,0.14056309997451533,0.04920942626192061
66,-0.055121737294373,0.21913054613991245,4.355866603973739,0.0461840876699732,0.04601304604494757,0.0001710416250256334,0.681569722771345,0.14241046348131425,0.048967399174564816
67,-0.05808079688315688,0.21953198596946238,4.352073564938154,0.04656758318388561,0.04639691113375339,0.00017067205013222123,0.6878607083362697,0.14427316680866967,0.04877541389531048
68,-0.06218063384017329,0.21841640276650884,4.361782060076811,0.0461825467455139,0.046011366990276054,0.00017117975523784444,0.6909400789486801,0.1461204686784902,0.04856798452332676
69,-0.0654921189147768,0.2180771300196967,4.373086648646,0.04573156620960159,0.04556024052995461,0.0001713256796469765,0.6912682030735767,0.14794973132687428,0.04834107105822875
70,-0.06872111704859823,0.21694249217568806,4.379794211372887,0.04626362614205559,0.04609187501533114,0.0001717511267244547,0.6952516554248624,0.1498002763725565,0.048174875464934895
71,-0.07118191505964358,0.2162416148393549,4.372545695594067,0.04692285788168792,0.046751023694013155,0.00017183418767476762,0.6983965636829713,0.151677190687824,0.04807471405827514
72,-0.07428570387328773,0.21443065664266064,4.3612673324970315,0.0469959251367422,0.04682339018228528,0.00017253495445692307,0.6959123292171778,0.15355702769329369,0.04798841094455251
73,-0.07750980433862298,0.21269949002551475,4.355145844338098,0.04587686925192083,0.04570350335373482,0.00017336589818601483,0.6948338000668586,0.1553921024633705,0.04781948760914198
74,-0.08161463655802836,0.20879828650526597,4.355519686680812,0.04515163975789908,0.04497613070718784,0.00017550905071123997,0.7023278733641202,0.15719816805368647,0.04760605978104255
75,-0.08521172379049305,0.20620353021139692,4.3392708103112305,0.04591835728397824,0.04574128805592492,0.0001770692280533172,0.7028797525544556,0.1590349023450456,0.047471043581277406
76,-0.09134460195343881,0.19574124083068895,4.327616577222537,0.04711574092598006,0.04693275884317584,0.00018298208280421782,0.7016562980417939,0.1609195319820848,0.04744261936885362
77,-0.09909819421116059,0.17516535393690702,4.321610129696773,0.047077085955777094,0.04688202291488361,0.00019506304089348433,0.7029053585291022,0.16280261542031588,0.0474133766958075
78,-0.10435532671606075,0.1588936888269608,4.322380262085229,0.04593112984703467,0.0457258156315032,0.00020531421553147307,0.7116518606083099,0.16463986061419728,0.04729479694790568
79,-0.11114379362996704,0.13206983462579414,4.3378893315614135,0.04491633054556933,0.04469302811824294,0.00022330242732639076,0.7265825507609571,0.16643651383602004,0.047104519635718774
80,-0.11602946642193078,0.11436609085302414,4.347815489450243,0.04494356208143607,0.04470724206799456,0.0002363200134415126,0.7280098380899708,0.1682342563192775,0.04693164303137616
81,-0.118599096593965,0.10268161996299593,4.34241380500297,0.04518792296631692,0.04494243544566954,0.0002454875206473843,0.7542191902337323,0.17004177323793018,0.046792145426171425
82,-0.11872124324456208,0.09496986917557733,4.327501053026284,0.04497320682088646,0.044721488643823575,0.0002517181770628809,0.7727088551225071,0.17184070151076564,0.04664663033774863
83,-0.11604121294834528,0.08988011365588104,4.321457856107486,0.044579615609539415,0.044323910765909726,0.00025570484362968867,0.8078228636876484,0.1736238861351472,0.0464812691594919
84,-0.11471700768633672,0.0865208750128815,4.330781760813629,0.0452792106014838,0.04502067418620372,0.0002585364152800796,0.8174842353614721,0.17543505455920655,0.04638510447485125
85,-0.11492393641162896,0.08430377750850179,4.344535693745851,0.046629961700112486,0.046369431783113924,0.0002605299169985642,0.8164489772031834,0.17730025302721106,0.04640469305287215
86,-0.11645425985309389,0.08284049315561118,4.356176064377019,0.04695369306950061,0.04669166100710114,0.0002620320623994702,0.8197093861503454,0.17917840074999108,0.04644861305420243
87,-0.11735600840581661,0.08187472548270339,4.357459384538714,0.04567697133751932,0.045413894931456526,0.0002630764060627989,0.827733228843993,0.18100547960349186,0.04638688171686778
88,-0.11677397661110789,0.08123731881858423,4.363122478933585,0.04428727895278678,0.04402348138283726,0.00026379756994952304,0.8494823710513416,0.18277697076160335,0.0462189134957413
89,-0.11630515496152177,0.0808166304202656,4.375099536379672,0.04439218520641808,0.04412768090868128,0.0002645042977368004,0.855205114226203,0.18455265816986008,0.046072775232595446
90,-0.11629468577731761,0.0805389760773753,4.377427240371649,0.04541067121533122,0.04514544192005589,0.0002652292952753297,0.856996703879474,0.18636908501847332,0.04601980691121431
91,-0.11617758614663692,0.08035572421106771,4.375161427375685,0.04573534167633208,0.04546950645893347,0.00026583521739861204,0.8646293912867656,0.1881984986855266,0.045997049692423735
92,-0.1159715913746153,0.0802347779793047,4.372743968313525,0.0450166250872901,0.04475033826027822,0.0002662868270118834,0.8724077193548323,0.1899991636890182,0.04591861572401304
93,-0.11579325104889543,0.0801549534663411,4.373849406001421,0.04453804295370602,0.044271434924220546,0.0002666080294854702,0.8789616796679677,0.19178068540716645,0.04580816990238848
94,-0.11510804141316075,0.08010226928778513,4.374040374124663,0.04486927000163738,0.044602445744578285,0.00026682425705909653,0.8869095983904791,0.19357545620723193,0.04573305791032839
95,-0.113729891019407,0.0800674977299382,4.379868906262805,0.045179466112943684,0.04491246185007339,0.0002670042628702928,0.8898485522330903,0.19538263485174967,0.04568877056653762
96,-0.11279473213954849,0.08004454850175921,4.382745161568892,0.0446315522157824,0.04436427528347512,0.0002672769323072766,0.8908551790314481,0.19716789694038098,0.04560419309847721
97,-0.11186176214054222,0.08002940201116109,4.38434712092443,0.043740572830353416,0.04347304623334893,0.00026752659700448266,0.8910391844201828,0.19891751985359513,0.0454551034770273
98,-0.11116159099549919,0.08001940532736632,4.384657589749536,0.04402262768158633,0.04375477967735153,0.00026784800423480207,0.8911546067401626,0.20067842496085858,0.045340505413392025
99,-0.10985058855746854,0.08001280751606177,4.38075145962278,0.045388213524324844,0.045120160313479124,0.00026805321084571695,0.8978009642426442,0.20249395350183158,0.04534432206226665
100,-0.10764247811046698,0.08000845296060077,4.383742375583455,0.046238884707612234,0.04597080142869883,0.00026808327891339944,0.905517339561167,0.20434350889013608,0.045415887073894295
101,-0.10610518034288992,0.08000557895399651,4.389953746804469,0.04529663591325225,0.04502852696741053,0.0002681089458417192,0.9068063445517526,0.20615537432666617,0.045406346981042935
102,-0.10492853649314655,0.08000368210963771,4.390663366732871,0.043918618332825794,0.0436504711393293,0.0002681471934964922,0.907992569648544,0.2079121190599792,0.045287328689185564
103,-0.1032724087319419,0.08000243019236089,4.393465420926621,0.04334402031147427,0.043075744714388894,0.00026827559708537117,0.911226102188529,0.20964587987243816,0.04513186401896867
104,-0.10096783145750293,0.0800016039269582,4.394466033154231,0.0437261432437684,0.04345761900769332,0.0002685242360750831,0.9151021197511394,0.2113949256021889,0.045019406356952646
105,-0.09961107739886986,0.0800010585917924,4.396486497246823,0.04395248004555682,0.043683603562253405,0.0002688764833034136,0.9154330125370223,0.21315302480401116,0.04493405225204098
106,-0.09873498940259348,0.08000069867058299,4.396561979950083,0.043500064022024026,0.04323081800182012,0.00026924602020390767,0.9152342360994524,0.21489302736489213,0.04481933319363963
107,-0.09508206979293674,0.08531182266310561,4.3923400575232545,0.04340972237197479,0.04314433667315403,0.00026538569882075564,0.912869791069646,0.2166294162597711,0.04470656432790644
108,-0.09060717546824543,0.09701694921165183,4.391093851312963,0.04415371972270378,0.04389714299405391,0.00025657672864987227,0.9095705688673488,0.21839556504867927,0.04466233675949023
109,-0.08859658802275014,0.10401857013763695,4.392497579883093,0.04498135044662783,0.044730026087151646,0.00025132435947617884,0.9072852589920178,0.2201948190665444,0.04468785785446124
110,-0.08765595026372767,0.10800236877639546,4.394139768487691,0.04451328235570555,0.04426499917231922,0.0002482831833863297,0.9066194947319136,0.22197535036077262,0.044673891814560794
111,-0.08752646044954979,0.10965555733649882,4.392616926601715,0.04337868320267891,0.043131694215041885,0.00024698898763702437,0.9049493039762238,0.22371049768887977,0.044570275125610244
112,-0.08791696628515518,0.10996353466911166,4.393977200939136,0.04293623634287656,0.042689493408452676,0.0002467429344238865,0.9028466351551617,0.22542794714259484,0.044439552022991546
113,-0.0882458844224821,0.11026327146707088,4.395996938947785,0.043827493713060384,0.043580922111685745,0.0002465716013746353,0.9025438762987836,0.22718104689111726,0.04439058735819706
114,-0.08834236149254576,0.1109693732962097,4.395687400729678,0.04470363639216713,0.044457459396998605,0.0002461769951685246,0.9028585047655875,0.22896919234680393,0.044415631280914664
115,-0.08713019763899335,0.11174659892525896,4.393140839528364,0.04434151271275128,0.04409562154681977,0.00024589116593151043,0.9056786595203851,0.23074285285531398,0.044409701795461595
116,-0.08652630685319175,0.11204298048974291,4.391934539449386,0.043262750004590476,0.04301680809575163,0.00024594190883884154,0.9044418251957534,0.2324733628554976,0.0443179456521919
117,-0.08652531301067934,0.11207528152287854,4.393908856798431,0.04284764408513338,0.042601540813981514,0.0002461032711518624,0.902751913741006,0.23418726861890293,0.04420032152682722
118,-0.08659730997007031,0.11216828013503799,4.396181212702649,0.043413855817049915,0.04316760853566418,0.00024624728138573275,0.9025197163368623,0.23592382285158492,0.04413740427004504
119,-0.08671911155253634,0.11234912453206314,4.397690924891091,0.04379131895040576,0.04354504370405618,0.0002462752463495766,0.9025015258274844,0.23767547560960114,0.044109717444473895
120,-0.08692456546769617,0.11268384400582085,4.3986125586218785,0.0432659617876814,0.04301975068432145,0.00024621110335994797,0.9025001333861071,0.2394061140811084,0.0440422169919305
121,-0.08715199873268609,0.11325873121627211,4.39916727649087,0.04288102675686147,0.04263500455983065,0.0002460221970308218,0.9025000122431791,0.24112135515138286,0.04394932177312498
122,-0.0873295418261616,0.11406952663098952,4.399499977329967,0.04350074598344242,0.043255128517360394,0.00024561746608202167,0.9025000031654343,0.24286138499072055,0.04391343570995038
123,-0.08742173740973996,0.11504114971171453,4.39969293009275,0.04453565271484033,0.04429062515689469,0.0002450275579456385,0.9025000283901131,0.24464281109931416,0.043963213070341574
124,-0.0874675114223096,0.11603339827919469,4.39967902047855,0.044603499455449634,0.04435909394523912,0.0002444055102105167,0.9025003055597163,0.24642695107753215,0.04401443598115022
125,-0.08709903391678689,0.11652907332761522,4.397852600256978,0.043467734545435684,0.04322356386824389,0.0002441706771917933,0.9025031352609367,0.24816566045934957,0.04397069986629306
126,-0.08454489839767113,0.1143410584616256,4.396119936687593,0.04278250686594199,0.04253640084833669,0.0002461060176053048,0.902507685865689,0.24987696073398724,0.04387564442626497
127,-0.08271759095839816,0.11283688012990321,4.397398737466612,0.04331181823281613,0.043064280464044355,0.0002475377687717719,0.902502876756354,0.2516094334632999,0.043830538330789065
128,-0.0816731553820341,0.1125084303375506,4.398372672265483,0.04425882868568197,0.044010801102135136,0.00024802758354683065,0.9024979906098155,0.2533797866107272,0.043864801559180495
129,-0.08103246900064551,0.11321182890378217,4.398608700895177,0.04411579814136971,0.04386806673871027,0.0002477314026594426,0.9024520581936077,0.255144418536382,0.043884881285755635
130,-0.07979438292824481,0.11681123553159678,4.3950588017176635,0.043218337706235725,0.042973015110335556,0.00024532259590016663,0.9014515791384858,0.2568731520446314,0.043831557799394044
131,-0.07506339434636647,0.1285681738716892,4.389568645829588,0.04299131509803156,0.042753672073030186,0.00023764302500136998,0.896265174124728,0.25859280464855267,0.04376433838328505
132,-0.06878621582546102,0.1427680503540747,4.387946191857165,0.043844464921899695,0.04361551775807526,0.00022894716382443423,0.8910998684760488,0.26034658324542864,0.04377074850637422
133,-0.0644712885588547,0.1533187345480077,4.386301704610513,0.04453157635380708,0.04430881989237665,0.0002227564614304252,0.8894011332266994,0.2621278462995809,0.04383161473416885
134,-0.062066611677524794,0.15971806451512474,4.385755405216419,0.04408838809946292,0.04386919988675435,0.00021918821270857343,0.8888860026105678,0.2638913818235594,0.043852156603392374
135,-0.06062328253425091,0.16372824674909756,4.389284444407423,0.04339856013497654,0.043181468476882374,0.00021709165809416622,0.8892705297139892,0.26562732422895846,0.04381586888591911
136,-0.06036277756679335,0.1663514122607615,4.388767755372288,0.043704242336495995,0.04348858362187195,0.00021565871462405,0.8877282176436897,0.26737549392241833,0.04380693876196526
137,-0.060689431509445085,0.168826243468117,4.385245315056906,0.04469065964549523,0.044476493030098485,0.0002141666153967404,0.8833930986348475,0.26916312030823814,0.04387763643264766
138,-0.059260827778037345,0.17409285376794514,4.382672042043275,0.045043694349102485,0.04483236405544359,0.00021133029365889638,0.8765033737030871,0.2709648680822022,0.04397092106596405
139,-0.056556511279205454,0.18099295777072555,4.378814936934674,0.044291430582710956,0.04408361300112798,0.00020781758158297487,0.8722159017947961,0.2727365253055107,0.0439965618273038
140,-0.05427536924282869,0.188593972259984,4.373442722535857,0.04360409148045243,0.04340016076930525,0.00020393071114718103,0.8680012855388689,0.27448068896472877,0.04396516419955569
141,-0.04997988577575871,0.19751971146836445,4.370317198216945,0.04416081691239663,0.04396090013471002,0.0001999167776866096,0.8600130337816213,0.2762471216412246,0.04398081641658297
142,-0.044653714180557205,0.20649028890017893,4.373349025824908,0.04525634812992856,0.04505994886349974,0.00019639926642882555,0.8533347813614353,0.27805737556642174,0.04408285895365062
143,-0.04162032070324558,0.2133578113874844,4.374741567816568,0.04535296688023197,0.04515933081368674,0.00019363606654522876,0.8518645335455575,0.279871494241631,0.044184467587777124
144,-0.04158426145130433,0.21848210731737247,4.367473866563684,0.044496234807448666,0.044305161109701764,0.00019107369774689874,0.8504175950911315,0.28165134363392896,0.04420940896535085
145,-0.04300206631690023,0.22335630942242468,4.358146670946817,0.044032029531637394,0.043843813505626175,0.00018821602601121873,0.8489726667148116,0.28341262481519447,0.04419521861065378
146,-0.04162086339640081,0.23013500402326154,4.3589694086259385,0.04478491585339529,0.04459981106709224,0.00018510478630305864,0.8429769952633176,0.28520402144933027,0.044242394390073096
147,-0.0383025562972745,0.23787810643243507,4.350828707158971,0.04549837020602363,0.04531642351995145,0.00018194668607218091,0.835456113585088,0.2870239562575712,0.04434287245534914
148,-0.035049736547427414,0.2458258975897065,4.344690249139965,0.045263384526702345,0.04508469001609211,0.00017869451061023163,0.8275494007491462,0.2888344916386393,0.044416513421057395
149,-0.03412793028042627,0.2529533346574556,4.334704348690601,0.04451072328873738,0.04433553200402218,0.00017519128471519906,0.8235439858338283,0.2906149205701888,0.04442405021047179
150,-0.03491942268206573,0.2583675976799532,4.330706209288708,0.04438901683614649,0.04421688167536261,0.00017213516078387609,0.8149521052878163,0.29239048124363465,0.044421247540525774
151,-0.036301466555214434,0.26132832027714464,4.3281513834092,0.04518662743992311,0.04501635381991062,0.00017027362001249084,0.8092399405053399,0.2941979463412316,0.04448247793247756
152,-0.03816053112639857,0.26337229267703577,4.316078380974939,0.04572374515337214,0.04555493202266765,0.00016881313070448535,0.8020435840850682,0.2960268961473665,0.044581779310149124
153,-0.038625891640937944,0.2672510977131025,4.307486027576864,0.045057415870532476,0.04489059866544675,0.00016681720508572424,0.7932597992684206,0.2978291927821878,0.04461983023497979
154,-0.036512160898242996,0.27307821108749464,4.307030663227987,0.04433994466360058,0.04417540930499478,0.00016453535860580412,0.7828227447628532,0.2996027905687318,0.04459743938926945
155,-0.03282650842232241,0.2801248608182486,4.303208632707044,0.044777857423262096,0.044615824611073586,0.00016203281218850858,0.7697508073320303,0.30139390486566225,0.044611872831988864
156,-0.02855937146381997,0.28764918411360274,4.2979332627625855,0.045883090752363,0.045723746590086906,0.0001593441622760972,0.7534120700502435,0.3032292284957568,0.0447135702656188
157,-0.024610534683652215,0.2948892815777471,4.295543089722514,0.046346850127819694,0.04619009524147172,0.0001567548863479744,0.7381662729529641,0.30508310250086956,0.04484423265459487
158,-0.022779191958272577,0.3012664288033627,4.294049980431439,0.04578522196452358,0.04563119327779905,0.00015402868672452995,0.7326610197608487,0.3069145113794505,0.04491951179938917
159,-0.02323230959962217,0.30680448121145093,4.287099104816497,0.045210770928462846,0.04505969183709128,0.00015107909137157188,0.727009550894603,0.308722942216589,0.04494281252971506
160,-0.026715362902773453,0.3113005660116083,4.274114131136686,0.04552613818135796,0.045378368803427355,0.0001477693779306016,0.7183321536257633,0.31054398774384334,0.044989478581846494
161,-0.031148698903430888,0.3149062579103118,4.271524235575617,0.04598825559869164,0.04584356376607461,0.00014469183261702807,0.7099076700545571,0.312383517967791,0.0450693807431941
162,-0.0340885636318807,0.3183084186268708,4.283472478014496,0.04576747989851216,0.04562521066910189,0.00014226922941026665,0.7059715892737343,0.3142142171637315,0.04512522867561955
163,-0.0350253432294102,0.32211802458087907,4.280428227456877,0.044998412664151076,0.04485821428689083,0.00014019837726024563,0.7003483741490291,0.31601415367029756,0.04511508339470208
164,-0.033817166763426124,0.32737647903107425,4.276820657080688,0.045013685605404204,0.04487569051276297,0.0001379950926412351,0.6921228883970221,0.3178147010945137,0.04510697157155825
165,-0.03133100620481219,0.33343856354722423,4.279191822223695,0.04626668602054654,0.046130948035230865,0.00013573798531567067,0.6859203907441968,0.31966536853533556,0.04519974872747731
166,-0.028680778402210443,0.33974789894199914,4.270065904340348,0.047311858066594666,0.047178437292062406,0.00013342077453226027,0.6834307574015793,0.3215578428579993,0.045368717474606704
167,-0.025810860925578008,0.3466634827067077,4.252292782287439,0.0469558761894903,0.04682500665395617,0.0001308695355341331,0.6798124947744291,0.32343607790557893,0.045495690171797394
168,-0.02491324007109478,0.35347602504832104,4.2521711083808835,0.04598426834597409,0.04585645513911537,0.0001278132068587208,0.6712950271425232,0.3252754486394179,0.04553477642573153
169,-0.023172602761995294,0.36009123996943426,4.257628391580104,0.04595488963796438,0.045829731483220136,0.00012515815474424403,0.6661539289937851,0.32711364422493644,0.04556838548271016
170,-0.019501558398911024,0.3665187555172653,4.2579664831901445,0.04695999370718937,0.04683677876961319,0.00012321493757618088,0.6654505448284193,0.328992043973224,0.045679714140668494
171,-0.016654371126596672,0.37230128770111837,4.261943275334138,0.047679560526109534,0.04755823427005174,0.0001213262560577932,0.6661250759690613,0.3308992263942684,0.045839701851503774
172,-0.01678697482433453,0.3780458306507324,4.250497064651905,0.04721025074927594,0.04709178680665405,0.00011846394262188733,0.6730018395358208,0.3327876364242394,0.045949345763325544
173,-0.01852095142837639,0.3844926528436734,4.254664208438413,0.0466373852660615,0.04652263343554405,0.00011475183051745028,0.6784930288421617,0.3346531318348819,0.04600438892354442
174,-0.02048531847123023,0.39099737878565166,4.263681777137817,0.04700787605953991,0.0468968357942739,0.00011104026526601252,0.6766231574691651,0.3365334468772635,0.04608466789442406
175,-0.02261944679623773,0.39671882436806477,4.262688361693797,0.047809090530142304,0.047701321902432946,0.00010776862770935809,0.674305240320591,0.33844581049846917,0.04622262170528152
176,-0.023542361340730393,0.4023054233360781,4.254068086642388,0.047763593014854014,0.04765852231837099,0.00010507069648302324,0.6824406208217896,0.34035635421906335,0.046345899410047325
177,-0.024800260282477605,0.40734880568380505,4.255352191514639,0.046954868889874664,0.04685229682193699,0.0001025720679376705,0.6867868743240824,0.3422345489746583,0.046394616968433514
178,-0.025996918231050128,0.4120116045739156,4.246347627255396,0.04680390091577509,0.046703624384862794,0.00010027653091229506,0.6889296592148498,0.3441067050112893,0.04642735968422084
179,-0.02558244478028017,0.41706453149273065,4.2366248284254375,0.04786779936593071,0.04776950477243146,9.829459349924964e-05,0.6920924561363341,0.34602141698592653,0.046542594858757634
180,-0.025275119145703503,0.4222408633326512,4.227357146863746,0.049129131865797836,0.049032821053718964,9.6310812078874e-05,0.6941799457313083,0.34798658226055845,0.04674951781932085
181,-0.024025923011409576,0.4275141923616729,4.225997921807962,0.0491016050682582,0.049006912004626334,9.46930636318611e-05,0.700935738534886,0.3499506464632888,0.04693768479923584
182,-0.022709037512506906,0.4325508989250022,4.2208008382428925,0.04825247733048805,0.04815919796186124,9.327936862681199e-05,0.7148237304381411,0.3518807455565083,0.04704286820173602
183,-0.02180304751729937,0.4374626641668594,4.212313403179534,0.048096813582397244,0.048004952322911104,9.186125948613869e-05,0.7280512606422552,0.3538046180998042,0.04712718383218892
184,-0.02089819663723815,0.44246287643809845,4.204444403532442,0.04882766474005023,0.04873722525702838,9.043948302184899e-05,0.7391911844323108,0.3557577246894062,0.047263222304817824
185,-0.023669192111471678,0.4462891950878751,4.205763169587107,0.04928742432972369,0.04919903447640202,8.838985332167314e-05,0.7389827017256125,0.35772922166259513,0.047425158466810294
186,-0.027886993088051273,0.448733738796509,4.218209975860129,0.04883126353469336,0.04874463747693797,8.662605775539257e-05,0.7422372883647358,0.35968247220398286,0.04753764687224094
187,-0.03210389469036251,0.4499453848225703,4.244945047376783,0.048440132279163335,0.04835450327501649,8.562900414684484e-05,0.7420024128485395,0.3616200774951494,0.047609845704794734
188,-0.035665294537573916,0.45068598716653824,4.266289115621761,0.049175388759374154,0.049090247839853045,8.514091952110843e-05,0.7380947105267153,0.3635870930455244,0.047735089149161095
189,-0.03763502646258755,0.4519033422573833,4.274891209049336,0.05045499524079483,0.05037014646556618,8.484877522865055e-05,0.7361692694190056,0.3656052928551562,0.047952681636491794
190,-0.03801780295882565,0.4546322669135322,4.26244214712828,0.05093469281962295,0.0508503777875583,8.431503206465414e-05,0.7353623212536958,0.36764268056794114,0.04819124253114229
191,-0.03809907555065536,0.4596133470195433,4.2432994539735684,0.05025851547976741,0.05017547712851914,8.303835124826978e-05,0.738017461156077,0.36965302118713184,0.04835662436703231
192,-0.038995135131478204,0.4659986092305469,4.233889686232581,0.04967621059768283,0.049595123309139316,8.108728854351823e-05,0.743607951059482,0.3716400696110391,0.04846219126548435
193,-0.04098018054254684,0.4718996248883037,4.243263466394003,0.05021791301627517,0.05013873119898027,7.918181729489969e-05,0.7463088929920134,0.3736487861316901,0.048602649005547616
194,-0.042114518197735665,0.47720707116159566,4.260335171213471,0.05135107745020917,0.0512733345348389,7.774291537027277e-05,0.7504430187914048,0.3757028292296985,0.04882252328112054
195,-0.04217082071844521,0.48230765573551315,4.269998486926864,0.05162344732768499,0.05154684659801015,7.660072967484403e-05,0.7513519302193987,0.3777677671228059,0.0490465972048457
196,-0.0402244979299497,0.48801427631916666,4.260860450924372,0.05123159528974798,0.05115596653772282,7.562875202515827e-05,0.7507384696130278,0.37981703093439584,0.04922139705163788
197,-0.0345471695225362,0.4947000553590123,4.268085748060914,0.051535449392416194,0.051460447024531175,7.500236788501992e-05,0.7573331848574655,0.3818784489100925,0.04940652123890015
198,-0.03031793484275598,0.5003623021325374,4.281920127212308,0.052664858432085834,0.05259026918988445,7.4589242201382e-05,0.75783463195041,0.3839850432473759,0.04966718821435501
199,-0.026859055728231645,0.5052798089444697,4.288441112430869,0.053761026214506374,0.05368668875071327,7.433746379309867e-05,0.7608307493944886,0.3861354842959562,0.049994695254367116
